name,batch write cost(s),MemUsage(MiB),HeapInuse(MiB),DiskUsage(MiB),Keys op/s,Set op/s,Get op/s,Setmixed op/s,Getmixed op/s,Del op/s
badger/nofsync,6,1142,1148,3335,401239,272747,791982,9460,674738,302717
bbolt/nofsync,104,39,40,1572,643346,30901,775405,12194,560544,110299
buntdb/nofsync,7,1448,1467,1266,1080,133247,6510581,21216,344232,847023
leveldb/nofsync,18,24,26,1065,49939,157738,497373,63894,215097,521136
rocksdb/nofsync,6,0,1,1289,380012,196858,292307,90622,228522,202772
pebble/nofsync,47,2,4,1070,100467,156019,126314,100297,40531,507500
nutsdb/nofsync,7,1881,1898,1280,2303835,264925,2744740,51952,793577,1233047
sniper/nofsync,9,223,232,1953,-1,527311,34891217,274942,29621024,31645610
rosedb/nofsync,28,694,700,1091,5,300688,5646241,60605,931078,305833
